Fruit,Size
Apple,12.52363
Apple,11.95689
Apple,10.99606
Apple,12.44225
Apple,11.79743
Orange,13.82835
Orange,15.27844
Orange,17.68451
Orange,14.31796
Orange,14.33762